"feat","group_norm","day","state","lon","lat"
"SENT","-0.05215567963797143","2020-03-12","Alabama","-86.82839","32.78888"
"SENT","-0.053688517365460715","2020-03-13","Alabama","-86.82839","32.78888"
"SENT","-0.05028748624666667","2020-03-14","Alabama","-86.82839","32.78888"
"SENT","-0.04480434608537408","2020-03-15","Alabama","-86.82839","32.78888"
"SENT","-0.046943036114258194","2020-03-16","Alabama","-86.82839","32.78888"
"SENT","-0.05199233947952075","2020-03-17","Alabama","-86.82839","32.78888"
"SENT","-0.0503615933722","2020-03-18","Alabama","-86.82839","32.78888"
"SENT","-0.06452894739468","2020-03-19","Alabama","-86.82839","32.78888"
"SENT","-0.03272464634514335","2020-03-20","Alabama","-86.82839","32.78888"
"SENT","-0.05305908069576923","2020-03-21","Alabama","-86.82839","32.78888"
"SENT","-0.055661979614517645","2020-03-22","Alabama","-86.82839","32.78888"
"SENT","-0.06913133765795186","2020-03-23","Alabama","-86.82839","32.78888"
"SENT","-0.06229832258953688","2020-03-24","Alabama","-86.82839","32.78888"
"SENT","-0.05254231370736981","2020-03-25","Alabama","-86.82839","32.78888"
"SENT","-0.051617049968847056","2020-03-26","Alabama","-86.82839","32.78888"
"SENT","-0.043567839311","2020-03-12","Arizona","-111.66448","34.29283"
"SENT","-0.07547028558228398","2020-03-13","Arizona","-111.66448","34.29283"
"SENT","-0.05336023326190666","2020-03-14","Arizona","-111.66448","34.29283"
"SENT","-0.042145188845798015","2020-03-15","Arizona","-111.66448","34.29283"
"SENT","-0.042188249891403996","2020-03-16","Arizona","-111.66448","34.29283"
"SENT","-0.056089284844776634","2020-03-17","Arizona","-111.66448","34.29283"
"SENT","-0.060684325621310646","2020-03-18","Arizona","-111.66448","34.29283"
"SENT","-0.047362041618137354","2020-03-19","Arizona","-111.66448","34.29283"
"SENT","-0.06036348130324535","2020-03-20","Arizona","-111.66448","34.29283"
"SENT","-0.04207402150548665","2020-03-21","Arizona","-111.66448","34.29283"
"SENT","-0.06301085421616269","2020-03-22","Arizona","-111.66448","34.29283"
"SENT","-0.07654378292781329","2020-03-23","Arizona","-111.66448","34.29283"
"SENT","-0.05925849109433713","2020-03-24","Arizona","-111.66448","34.29283"
"SENT","-0.0520084329505267","2020-03-25","Arizona","-111.66448","34.29283"
"SENT","-0.053264700821893315","2020-03-26","Arizona","-111.66448","34.29283"
"SENT","-0.08283362856952381","2020-03-12","Arkansas","-92.43785","34.90002"
"SENT","-0.06655172720222141","2020-03-13","Arkansas","-92.43785","34.90002"
"SENT","-0.04789239098023214","2020-03-14","Arkansas","-92.43785","34.90002"
"SENT","-0.03575054651096364","2020-03-15","Arkansas","-92.43785","34.90002"
"SENT","-0.04045661319560185","2020-03-16","Arkansas","-92.43785","34.90002"
"SENT","-0.034320962604498184","2020-03-17","Arkansas","-92.43785","34.90002"
"SENT","-0.03755014865856363","2020-03-18","Arkansas","-92.43785","34.90002"
"SENT","-0.0650354249361037","2020-03-19","Arkansas","-92.43785","34.90002"
"SENT","-0.05203544722676229","2020-03-20","Arkansas","-92.43785","34.90002"
"SENT","-0.03871106551381481","2020-03-21","Arkansas","-92.43785","34.90002"
"SENT","-0.05648462272557694","2020-03-22","Arkansas","-92.43785","34.90002"
"SENT","-0.069174565952","2020-03-23","Arkansas","-92.43785","34.90002"
"SENT","-0.05288571951968846","2020-03-24","Arkansas","-92.43785","34.90002"
"SENT","-0.08717256486920799","2020-03-25","Arkansas","-92.43785","34.90002"
"SENT","-0.07487899213307142","2020-03-26","Arkansas","-92.43785","34.90002"
"SENT","-0.06749229182053261","2020-03-12","California","-119.61177","37.25366"
"SENT","-0.05671688987993014","2020-03-13","California","-119.61177","37.25366"
"SENT","-0.053745922200220175","2020-03-14","California","-119.61177","37.25366"
"SENT","-0.05774410844230203","2020-03-15","California","-119.61177","37.25366"
"SENT","-0.050940553849371684","2020-03-16","California","-119.61177","37.25366"
"SENT","-0.04297915612802983","2020-03-17","California","-119.61177","37.25366"
"SENT","-0.04878716856866364","2020-03-18","California","-119.61177","37.25366"
"SENT","-0.04607007047045035","2020-03-19","California","-119.61177","37.25366"
"SENT","-0.0425065251937847","2020-03-20","California","-119.61177","37.25366"
"SENT","-0.051533058651235926","2020-03-21","California","-119.61177","37.25366"
"SENT","-0.05893322335567021","2020-03-22","California","-119.61177","37.25366"
"SENT","-0.07192697540565053","2020-03-23","California","-119.61177","37.25366"
"SENT","-0.06419533715108779","2020-03-24","California","-119.61177","37.25366"
"SENT","-0.04408173569680743","2020-03-25","California","-119.61177","37.25366"
"SENT","-0.09457988596123702","2020-03-26","California","-119.61177","37.25366"
"SENT","-0.028078774855222227","2020-03-12","Colorado","-105.5476","38.99842"
"SENT","-0.04602064368934129","2020-03-13","Colorado","-105.5476","38.99842"
"SENT","-0.019209085761457783","2020-03-14","Colorado","-105.5476","38.99842"
"SENT","-0.06401080509374998","2020-03-15","Colorado","-105.5476","38.99842"
"SENT","-0.049928049697567374","2020-03-16","Colorado","-105.5476","38.99842"
"SENT","-0.028066585956500002","2020-03-17","Colorado","-105.5476","38.99842"
"SENT","-0.05753435814406202","2020-03-18","Colorado","-105.5476","38.99842"
"SENT","-0.05530740633868889","2020-03-19","Colorado","-105.5476","38.99842"
"SENT","-0.04825220329037272","2020-03-20","Colorado","-105.5476","38.99842"
"SENT","-0.022785124746617397","2020-03-21","Colorado","-105.5476","38.99842"
"SENT","-0.06819560206547873","2020-03-22","Colorado","-105.5476","38.99842"
"SENT","-0.07786173441265","2020-03-23","Colorado","-105.5476","38.99842"
"SENT","-0.04063838632427726","2020-03-24","Colorado","-105.5476","38.99842"
"SENT","-0.05645762220389147","2020-03-25","Colorado","-105.5476","38.99842"
"SENT","-0.05867029325470733","2020-03-26","Colorado","-105.5476","38.99842"
"SENT","-0.058314422107375","2020-03-12","Connecticut","-72.72689","41.61873"
"SENT","-0.052013501857424996","2020-03-13","Connecticut","-72.72689","41.61873"
"SENT","-0.03894239595865001","2020-03-14","Connecticut","-72.72689","41.61873"
"SENT","-0.049876193467887506","2020-03-15","Connecticut","-72.72689","41.61873"
"SENT","-0.053224597817000036","2020-03-16","Connecticut","-72.72689","41.61873"
"SENT","-0.05152478894502499","2020-03-17","Connecticut","-72.72689","41.61873"
"SENT","-0.06412574777975","2020-03-18","Connecticut","-72.72689","41.61873"
"SENT","-0.055654234043862494","2020-03-19","Connecticut","-72.72689","41.61873"
"SENT","-0.04201989881300001","2020-03-20","Connecticut","-72.72689","41.61873"
"SENT","-0.062446040532162496","2020-03-21","Connecticut","-72.72689","41.61873"
"SENT","-0.06590261033426249","2020-03-22","Connecticut","-72.72689","41.61873"
"SENT","-0.05744361714107502","2020-03-23","Connecticut","-72.72689","41.61873"
"SENT","-0.05476491421032509","2020-03-24","Connecticut","-72.72689","41.61873"
"SENT","-0.04375668581712501","2020-03-25","Connecticut","-72.72689","41.61873"
"SENT","-0.06519564569937498","2020-03-26","Connecticut","-72.72689","41.61873"
"SENT","-0.04528458975","2020-03-12","Delaware","-75.50095","39.00063"
"SENT","-0.06332611750400001","2020-03-13","Delaware","-75.50095","39.00063"
"SENT","-0.048810686959","2020-03-14","Delaware","-75.50095","39.00063"
"SENT","-0.058384813506","2020-03-15","Delaware","-75.50095","39.00063"
"SENT","-0.07036052333033334","2020-03-16","Delaware","-75.50095","39.00063"
"SENT","-0.04643770090900003","2020-03-17","Delaware","-75.50095","39.00063"
"SENT","-0.05803405454733337","2020-03-18","Delaware","-75.50095","39.00063"
"SENT","-0.05909685589466663","2020-03-19","Delaware","-75.50095","39.00063"
"SENT","-0.07905633113933337","2020-03-20","Delaware","-75.50095","39.00063"
"SENT","-0.05658131143066667","2020-03-21","Delaware","-75.50095","39.00063"
"SENT","-0.06780952028766667","2020-03-22","Delaware","-75.50095","39.00063"
"SENT","-0.07961390668566663","2020-03-23","Delaware","-75.50095","39.00063"
"SENT","-0.06684698672566668","2020-03-24","Delaware","-75.50095","39.00063"
"SENT","-0.06270849197533336","2020-03-25","Delaware","-75.50095","39.00063"
"SENT","-0.07495132966866659","2020-03-26","Delaware","-75.50095","39.00063"
"SENT","-0.07618043781817233","2020-03-12","Florida","-81.57","28.2"
"SENT","-0.07105242953658981","2020-03-13","Florida","-81.57","28.2"
"SENT","-0.04863510350156782","2020-03-14","Florida","-81.57","28.2"
"SENT","-0.047791718707730815","2020-03-15","Florida","-81.57","28.2"
"SENT","-0.04931483139685086","2020-03-16","Florida","-81.57","28.2"
"SENT","-0.05490491114480127","2020-03-17","Florida","-81.57","28.2"
"SENT","-0.05851795426712211","2020-03-18","Florida","-81.57","28.2"
"SENT","-0.04966450383443541","2020-03-19","Florida","-81.57","28.2"
"SENT","-0.05774028634470886","2020-03-20","Florida","-81.57","28.2"
"SENT","-0.0572912093253763","2020-03-21","Florida","-81.57","28.2"
"SENT","-0.06486431350585632","2020-03-22","Florida","-81.57","28.2"
"SENT","-0.07394273546791384","2020-03-23","Florida","-81.57","28.2"
"SENT","-0.057022147697724186","2020-03-24","Florida","-81.57","28.2"
"SENT","-0.06455697694221164","2020-03-25","Florida","-81.57","28.2"
"SENT","-0.0655352496310911","2020-03-26","Florida","-81.57","28.2"
"SENT","-0.07223158556864354","2020-03-12","Georgia","-83.44336","32.64809"
"SENT","-0.05469358465449464","2020-03-13","Georgia","-83.44336","32.64809"
"SENT","-0.053609646892952556","2020-03-14","Georgia","-83.44336","32.64809"
"SENT","-0.051797514571483454","2020-03-15","Georgia","-83.44336","32.64809"
"SENT","-0.0354113904291017","2020-03-16","Georgia","-83.44336","32.64809"
"SENT","-0.03399776875163582","2020-03-17","Georgia","-83.44336","32.64809"
"SENT","-0.06433533438859597","2020-03-18","Georgia","-83.44336","32.64809"
"SENT","-0.053677875919891004","2020-03-19","Georgia","-83.44336","32.64809"
"SENT","-0.051284006996009456","2020-03-20","Georgia","-83.44336","32.64809"
"SENT","-0.048784877203261044","2020-03-21","Georgia","-83.44336","32.64809"
"SENT","-0.06384754711614973","2020-03-22","Georgia","-83.44336","32.64809"
"SENT","-0.0697243509680717","2020-03-23","Georgia","-83.44336","32.64809"
"SENT","-0.06706051669402437","2020-03-24","Georgia","-83.44336","32.64809"
"SENT","-0.06399265044141425","2020-03-25","Georgia","-83.44336","32.64809"
"SENT","-0.06376710478637738","2020-03-26","Georgia","-83.44336","32.64809"
"SENT","-0.05348794135954547","2020-03-12","Idaho","-114.65872","44.39033"
"SENT","-0.0637844837571259","2020-03-13","Idaho","-114.65872","44.39033"
"SENT","-0.040156662745977775","2020-03-14","Idaho","-114.65872","44.39033"
"SENT","-0.045803894189552004","2020-03-15","Idaho","-114.65872","44.39033"
"SENT","-0.06284850963067692","2020-03-16","Idaho","-114.65872","44.39033"
"SENT","-0.03396048831285926","2020-03-17","Idaho","-114.65872","44.39033"
"SENT","-0.03548626005270689","2020-03-18","Idaho","-114.65872","44.39033"
"SENT","-0.05859400812954166","2020-03-19","Idaho","-114.65872","44.39033"
"SENT","-0.05045051627543847","2020-03-20","Idaho","-114.65872","44.39033"
"SENT","-0.06173745079864231","2020-03-21","Idaho","-114.65872","44.39033"
"SENT","-0.06455798492373602","2020-03-22","Idaho","-114.65872","44.39033"
"SENT","-0.06950457193086207","2020-03-23","Idaho","-114.65872","44.39033"
"SENT","-0.0738645685391077","2020-03-24","Idaho","-114.65872","44.39033"
"SENT","-0.0915451328638077","2020-03-25","Idaho","-114.65872","44.39033"
"SENT","-0.06958898197386958","2020-03-26","Idaho","-114.65872","44.39033"
"SENT","-0.0649835357512346","2020-03-12","Illinois","-89.19752","40.06348"
"SENT","-0.05971010346440712","2020-03-13","Illinois","-89.19752","40.06348"
"SENT","-0.04517882230808634","2020-03-14","Illinois","-89.19752","40.06348"
"SENT","-0.06552103738101492","2020-03-15","Illinois","-89.19752","40.06348"
"SENT","-0.03891595152469501","2020-03-16","Illinois","-89.19752","40.06348"
"SENT","-0.03321318705090523","2020-03-17","Illinois","-89.19752","40.06348"
"SENT","-0.04338495781130241","2020-03-18","Illinois","-89.19752","40.06348"
"SENT","-0.04736549155730362","2020-03-19","Illinois","-89.19752","40.06348"
"SENT","-0.056028592706456","2020-03-20","Illinois","-89.19752","40.06348"
"SENT","-0.06554090232005107","2020-03-21","Illinois","-89.19752","40.06348"
"SENT","-0.06087753150033332","2020-03-22","Illinois","-89.19752","40.06348"
"SENT","-0.0835429196337285","2020-03-23","Illinois","-89.19752","40.06348"
"SENT","-0.0596759072761693","2020-03-24","Illinois","-89.19752","40.06348"
"SENT","-0.08126114625613201","2020-03-25","Illinois","-89.19752","40.06348"
"SENT","-0.03998574090202552","2020-03-26","Illinois","-89.19752","40.06348"
"SENT","-0.07103029147046429","2020-03-12","Indiana","-86.27501","39.90782"
"SENT","-0.05076729904059882","2020-03-13","Indiana","-86.27501","39.90782"
"SENT","-0.04804083499663737","2020-03-14","Indiana","-86.27501","39.90782"
"SENT","-0.05370768110555376","2020-03-15","Indiana","-86.27501","39.90782"
"SENT","-0.04951777328971341","2020-03-16","Indiana","-86.27501","39.90782"
"SENT","-0.04627124758599637","2020-03-17","Indiana","-86.27501","39.90782"
"SENT","-0.049312518271635436","2020-03-18","Indiana","-86.27501","39.90782"
"SENT","-0.0375480042730721","2020-03-19","Indiana","-86.27501","39.90782"
"SENT","-0.04956487065348539","2020-03-20","Indiana","-86.27501","39.90782"
"SENT","-0.058446179674998794","2020-03-21","Indiana","-86.27501","39.90782"
"SENT","-0.06946863808141876","2020-03-22","Indiana","-86.27501","39.90782"
"SENT","-0.07276034580753826","2020-03-23","Indiana","-86.27501","39.90782"
"SENT","-0.07520992008386146","2020-03-24","Indiana","-86.27501","39.90782"
"SENT","-0.06408082854013777","2020-03-25","Indiana","-86.27501","39.90782"
"SENT","-0.05280469565435332","2020-03-26","Indiana","-86.27501","39.90782"
"SENT","-0.05107036892364864","2020-03-12","Iowa","-93.49896","42.07492"
"SENT","-0.047469961469934194","2020-03-13","Iowa","-93.49896","42.07492"
"SENT","-0.06120385986416438","2020-03-14","Iowa","-93.49896","42.07492"
"SENT","-0.04117101512901053","2020-03-15","Iowa","-93.49896","42.07492"
"SENT","-0.03703892708272098","2020-03-16","Iowa","-93.49896","42.07492"
"SENT","-0.03667719204023951","2020-03-17","Iowa","-93.49896","42.07492"
"SENT","-0.03625942914423038","2020-03-18","Iowa","-93.49896","42.07492"
"SENT","-0.045634506032343584","2020-03-19","Iowa","-93.49896","42.07492"
"SENT","-0.049948005769949365","2020-03-20","Iowa","-93.49896","42.07492"
"SENT","-0.028513456875257148","2020-03-21","Iowa","-93.49896","42.07492"
"SENT","-0.05305515591951298","2020-03-22","Iowa","-93.49896","42.07492"
"SENT","-0.04665881540743625","2020-03-23","Iowa","-93.49896","42.07492"
"SENT","-0.06905123392686026","2020-03-24","Iowa","-93.49896","42.07492"
"SENT","-0.03790084067377074","2020-03-25","Iowa","-93.49896","42.07492"
"SENT","-0.054446598559228086","2020-03-26","Iowa","-93.49896","42.07492"
"SENT","-0.04534851992391305","2020-03-12","Kansas","-98.37891","38.48515"
"SENT","-0.04140957759501062","2020-03-13","Kansas","-98.37891","38.48515"
"SENT","-0.04133052981181384","2020-03-14","Kansas","-98.37891","38.48515"
"SENT","-0.05113277451291666","2020-03-15","Kansas","-98.37891","38.48515"
"SENT","-0.04655455167899019","2020-03-16","Kansas","-98.37891","38.48515"
"SENT","-0.04956669833913289","2020-03-17","Kansas","-98.37891","38.48515"
"SENT","-0.028667560350435824","2020-03-18","Kansas","-98.37891","38.48515"
"SENT","-0.06356578120260327","2020-03-19","Kansas","-98.37891","38.48515"
"SENT","-0.051931581150556516","2020-03-20","Kansas","-98.37891","38.48515"
"SENT","-0.03581458478146153","2020-03-21","Kansas","-98.37891","38.48515"
"SENT","-0.04405717740251748","2020-03-22","Kansas","-98.37891","38.48515"
"SENT","-0.049597595625261656","2020-03-23","Kansas","-98.37891","38.48515"
"SENT","-0.06277322269165667","2020-03-24","Kansas","-98.37891","38.48515"
"SENT","-0.04266660655529622","2020-03-25","Kansas","-98.37891","38.48515"
"SENT","-0.053917185767744194","2020-03-26","Kansas","-98.37891","38.48515"
"SENT","-0.05190276621471428","2020-03-12","Kentucky","-85.28902","37.52595"
"SENT","-0.03767671475190236","2020-03-13","Kentucky","-85.28902","37.52595"
"SENT","-0.04090406435593177","2020-03-14","Kentucky","-85.28902","37.52595"
"SENT","-0.03950131462304713","2020-03-15","Kentucky","-85.28902","37.52595"
"SENT","-0.042300783205317084","2020-03-16","Kentucky","-85.28902","37.52595"
"SENT","-0.03849970572669024","2020-03-17","Kentucky","-85.28902","37.52595"
"SENT","-0.045684363409599985","2020-03-18","Kentucky","-85.28902","37.52595"
"SENT","-0.0449525844535161","2020-03-19","Kentucky","-85.28902","37.52595"
"SENT","-0.040895143573856464","2020-03-20","Kentucky","-85.28902","37.52595"
"SENT","-0.029102602202365813","2020-03-21","Kentucky","-85.28902","37.52595"
"SENT","-0.04868950050113413","2020-03-22","Kentucky","-85.28902","37.52595"
"SENT","-0.07078393364410447","2020-03-23","Kentucky","-85.28902","37.52595"
"SENT","-0.05458825299253261","2020-03-24","Kentucky","-85.28902","37.52595"
"SENT","-0.0648922048796747","2020-03-25","Kentucky","-85.28902","37.52595"
"SENT","-0.039841367956446674","2020-03-26","Kentucky","-85.28902","37.52595"
"SENT","-0.051013319912178556","2020-03-12","Louisiana","-91.94549","31.02018"
"SENT","-0.05891456677714285","2020-03-13","Louisiana","-91.94549","31.02018"
"SENT","-0.04055577033688929","2020-03-14","Louisiana","-91.94549","31.02018"
"SENT","-0.05639931545630385","2020-03-15","Louisiana","-91.94549","31.02018"
"SENT","-0.03035400566256382","2020-03-16","Louisiana","-91.94549","31.02018"
"SENT","-0.038956552297765394","2020-03-17","Louisiana","-91.94549","31.02018"
"SENT","-0.04943635431368703","2020-03-18","Louisiana","-91.94549","31.02018"
"SENT","-0.05577374194902592","2020-03-19","Louisiana","-91.94549","31.02018"
"SENT","-0.04735531641474139","2020-03-20","Louisiana","-91.94549","31.02018"
"SENT","-0.007094405415133332","2020-03-21","Louisiana","-91.94549","31.02018"
"SENT","-0.01339530873417736","2020-03-22","Louisiana","-91.94549","31.02018"
"SENT","-0.05574492865649997","2020-03-23","Louisiana","-91.94549","31.02018"
"SENT","-0.07996068361977059","2020-03-24","Louisiana","-91.94549","31.02018"
"SENT","-0.057678346122490586","2020-03-25","Louisiana","-91.94549","31.02018"
"SENT","-0.067187341070875","2020-03-26","Louisiana","-91.94549","31.02018"
"SENT","-0.08673152215","2020-03-12","Maine","-69.21419","45.34413"
"SENT","-0.06193065132143749","2020-03-13","Maine","-69.21419","45.34413"
"SENT","-0.038688289274312504","2020-03-14","Maine","-69.21419","45.34413"
"SENT","-0.06250247941987497","2020-03-15","Maine","-69.21419","45.34413"
"SENT","-0.0195977941344","2020-03-16","Maine","-69.21419","45.34413"
"SENT","-0.051559047860375","2020-03-17","Maine","-69.21419","45.34413"
"SENT","-0.028781856837866673","2020-03-18","Maine","-69.21419","45.34413"
"SENT","-0.046049378572000005","2020-03-19","Maine","-69.21419","45.34413"
"SENT","-0.034268116982937497","2020-03-20","Maine","-69.21419","45.34413"
"SENT","-0.018753822540399995","2020-03-21","Maine","-69.21419","45.34413"
"SENT","-0.056725366918666656","2020-03-22","Maine","-69.21419","45.34413"
"SENT","-0.05958496761026667","2020-03-23","Maine","-69.21419","45.34413"
"SENT","-0.037671017639249994","2020-03-24","Maine","-69.21419","45.34413"
"SENT","-0.0557009192676875","2020-03-25","Maine","-69.21419","45.34413"
"SENT","-0.035080729674875","2020-03-26","Maine","-69.21419","45.34413"
"SENT","-0.05078021592209522","2020-03-12","Maryland","-76.75239","39.02997"
"SENT","-0.048394433683691666","2020-03-13","Maryland","-76.75239","39.02997"
"SENT","-0.026922761043791665","2020-03-14","Maryland","-76.75239","39.02997"
"SENT","-0.04787273063889996","2020-03-15","Maryland","-76.75239","39.02997"
"SENT","-0.04450744079780833","2020-03-16","Maryland","-76.75239","39.02997"
"SENT","-0.025180550884204168","2020-03-17","Maryland","-76.75239","39.02997"
"SENT","-0.045331931103330454","2020-03-18","Maryland","-76.75239","39.02997"
"SENT","-0.050150395458433326","2020-03-19","Maryland","-76.75239","39.02997"
"SENT","-0.06028598632092081","2020-03-20","Maryland","-76.75239","39.02997"
"SENT","-0.047307757522504185","2020-03-21","Maryland","-76.75239","39.02997"
"SENT","-0.067204715365075","2020-03-22","Maryland","-76.75239","39.02997"
"SENT","-0.05923550231086667","2020-03-23","Maryland","-76.75239","39.02997"
"SENT","-0.05705080289973335","2020-03-24","Maryland","-76.75239","39.02997"
"SENT","-0.03582233347659586","2020-03-25","Maryland","-76.75239","39.02997"
"SENT","-0.0593248178561818","2020-03-26","Maryland","-76.75239","39.02997"
"SENT","-0.07637958695047695","2020-03-12","Massachusetts","-71.79442","42.25865"
"SENT","-0.04769460111254998","2020-03-13","Massachusetts","-71.79442","42.25865"
"SENT","-0.02830414870443571","2020-03-14","Massachusetts","-71.79442","42.25865"
"SENT","-0.05305949120769284","2020-03-15","Massachusetts","-71.79442","42.25865"
"SENT","-0.049413868338082145","2020-03-16","Massachusetts","-71.79442","42.25865"
"SENT","-0.043721002134027145","2020-03-17","Massachusetts","-71.79442","42.25865"
"SENT","-0.052230457005895695","2020-03-18","Massachusetts","-71.79442","42.25865"
"SENT","-0.05705175776875999","2020-03-19","Massachusetts","-71.79442","42.25865"
"SENT","-0.046526553084782915","2020-03-20","Massachusetts","-71.79442","42.25865"
"SENT","-0.04476254886313575","2020-03-21","Massachusetts","-71.79442","42.25865"
"SENT","-0.054087731359331426","2020-03-22","Massachusetts","-71.79442","42.25865"
"SENT","-0.06743293836960426","2020-03-23","Massachusetts","-71.79442","42.25865"
"SENT","-0.046824585757442874","2020-03-24","Massachusetts","-71.79442","42.25865"
"SENT","-0.0512845997892914","2020-03-25","Massachusetts","-71.79442","42.25865"
"SENT","-0.0541540585701214","2020-03-26","Massachusetts","-71.79442","42.25865"
"SENT","-0.07876865454912768","2020-03-12","Michigan","-84.6208","43.48876"
"SENT","-0.03691355262651917","2020-03-13","Michigan","-84.6208","43.48876"
"SENT","-0.05178985070387971","2020-03-14","Michigan","-84.6208","43.48876"
"SENT","-0.070190577966258","2020-03-15","Michigan","-84.6208","43.48876"
"SENT","-0.04116099831478695","2020-03-16","Michigan","-84.6208","43.48876"
"SENT","-0.05563754186492816","2020-03-17","Michigan","-84.6208","43.48876"
"SENT","-0.043225782284260564","2020-03-18","Michigan","-84.6208","43.48876"
"SENT","-0.06732859700556387","2020-03-19","Michigan","-84.6208","43.48876"
"SENT","-0.05669076764491529","2020-03-20","Michigan","-84.6208","43.48876"
"SENT","-0.050023979241680894","2020-03-21","Michigan","-84.6208","43.48876"
"SENT","-0.04760887732098461","2020-03-22","Michigan","-84.6208","43.48876"
"SENT","-0.06599612909718712","2020-03-23","Michigan","-84.6208","43.48876"
"SENT","-0.07160177843393077","2020-03-24","Michigan","-84.6208","43.48876"
"SENT","-0.054267524873512135","2020-03-25","Michigan","-84.6208","43.48876"
"SENT","-0.06974187600951667","2020-03-26","Michigan","-84.6208","43.48876"
"SENT","-0.033632066018567566","2020-03-12","Minnesota","-94.30634","46.31793"
"SENT","-0.04924341975347399","2020-03-13","Minnesota","-94.30634","46.31793"
"SENT","-0.04543082504431029","2020-03-14","Minnesota","-94.30634","46.31793"
"SENT","-0.03894841415715944","2020-03-15","Minnesota","-94.30634","46.31793"
"SENT","-0.04605780615766666","2020-03-16","Minnesota","-94.30634","46.31793"
"SENT","-0.05574134602727702","2020-03-17","Minnesota","-94.30634","46.31793"
"SENT","-0.041653071099371025","2020-03-18","Minnesota","-94.30634","46.31793"
"SENT","-0.07221175825724928","2020-03-19","Minnesota","-94.30634","46.31793"
"SENT","-0.04010565184142816","2020-03-20","Minnesota","-94.30634","46.31793"
"SENT","-0.06385127715163563","2020-03-21","Minnesota","-94.30634","46.31793"
"SENT","-0.050433635518367735","2020-03-22","Minnesota","-94.30634","46.31793"
"SENT","-0.08400603578733426","2020-03-23","Minnesota","-94.30634","46.31793"
"SENT","-0.06409951295995717","2020-03-24","Minnesota","-94.30634","46.31793"
"SENT","-0.06325404120513833","2020-03-25","Minnesota","-94.30634","46.31793"
"SENT","-0.04807435171043607","2020-03-26","Minnesota","-94.30634","46.31793"
"SENT","-0.05321643173833333","2020-03-12","Mississippi","-89.66216","32.75095"
"SENT","-0.03834038784112698","2020-03-13","Mississippi","-89.66216","32.75095"
"SENT","-0.014687387490228068","2020-03-14","Mississippi","-89.66216","32.75095"
"SENT","-0.03552865276548276","2020-03-15","Mississippi","-89.66216","32.75095"
"SENT","-0.052916694236640006","2020-03-16","Mississippi","-89.66216","32.75095"
"SENT","-0.027703117236561402","2020-03-17","Mississippi","-89.66216","32.75095"
"SENT","-0.05128266612937932","2020-03-18","Mississippi","-89.66216","32.75095"
"SENT","-0.0395871409764074","2020-03-19","Mississippi","-89.66216","32.75095"
"SENT","-0.04198462587550909","2020-03-20","Mississippi","-89.66216","32.75095"
"SENT","-0.06579017917537036","2020-03-21","Mississippi","-89.66216","32.75095"
"SENT","-0.020959845932642853","2020-03-22","Mississippi","-89.66216","32.75095"
"SENT","-0.10167550093176363","2020-03-23","Mississippi","-89.66216","32.75095"
"SENT","-0.05067142831024001","2020-03-24","Mississippi","-89.66216","32.75095"
"SENT","-0.03802672734267274","2020-03-25","Mississippi","-89.66216","32.75095"
"SENT","-0.06338570393849056","2020-03-26","Mississippi","-89.66216","32.75095"
"SENT","-0.04631048112827272","2020-03-12","Missouri","-92.47789","38.36847"
"SENT","-0.05366713075141216","2020-03-13","Missouri","-92.47789","38.36847"
"SENT","-0.060946010698198626","2020-03-14","Missouri","-92.47789","38.36847"
"SENT","-0.05286865026165866","2020-03-15","Missouri","-92.47789","38.36847"
"SENT","-0.041629853123955125","2020-03-16","Missouri","-92.47789","38.36847"
"SENT","-0.03462227913270001","2020-03-17","Missouri","-92.47789","38.36847"
"SENT","-0.046130257036153574","2020-03-18","Missouri","-92.47789","38.36847"
"SENT","-0.059147811248825975","2020-03-19","Missouri","-92.47789","38.36847"
"SENT","-0.053788106349084985","2020-03-20","Missouri","-92.47789","38.36847"
"SENT","-0.0451211622423013","2020-03-21","Missouri","-92.47789","38.36847"
"SENT","-0.05389910163275948","2020-03-22","Missouri","-92.47789","38.36847"
"SENT","-0.05184629757081734","2020-03-23","Missouri","-92.47789","38.36847"
"SENT","-0.05770234483637737","2020-03-24","Missouri","-92.47789","38.36847"
"SENT","-0.06050824762492823","2020-03-25","Missouri","-92.47789","38.36847"
"SENT","-0.03322631292510547","2020-03-26","Missouri","-92.47789","38.36847"
"SENT","-0.09424265775666665","2020-03-12","Montana","-109.64303","47.03433"
"SENT","-0.05887595781315626","2020-03-13","Montana","-109.64303","47.03433"
"SENT","-0.057145616599551724","2020-03-14","Montana","-109.64303","47.03433"
"SENT","-0.05331285081957692","2020-03-15","Montana","-109.64303","47.03433"
"SENT","-0.03382670035534782","2020-03-16","Montana","-109.64303","47.03433"
"SENT","-0.038042312747793114","2020-03-17","Montana","-109.64303","47.03433"
"SENT","-0.05335686297603846","2020-03-18","Montana","-109.64303","47.03433"
"SENT","-0.0662816592470357","2020-03-19","Montana","-109.64303","47.03433"
"SENT","-0.04232596128992858","2020-03-20","Montana","-109.64303","47.03433"
"SENT","-0.027479621716047627","2020-03-21","Montana","-109.64303","47.03433"
"SENT","-0.04256356697511538","2020-03-22","Montana","-109.64303","47.03433"
"SENT","-0.09449050780707145","2020-03-23","Montana","-109.64303","47.03433"
"SENT","-0.0721483096124643","2020-03-24","Montana","-109.64303","47.03433"
"SENT","-0.05627706221826923","2020-03-25","Montana","-109.64303","47.03433"
"SENT","-0.09894340776791662","2020-03-26","Montana","-109.64303","47.03433"
"SENT","-0.07185320561508332","2020-03-12","Nebraska","-99.81026","41.52719"
"SENT","-0.04779636073661065","2020-03-13","Nebraska","-99.81026","41.52719"
"SENT","-0.03453222904742979","2020-03-14","Nebraska","-99.81026","41.52719"
"SENT","-0.04001856284324884","2020-03-15","Nebraska","-99.81026","41.52719"
"SENT","-0.023684465792038454","2020-03-16","Nebraska","-99.81026","41.52719"
"SENT","-0.021566682679716273","2020-03-17","Nebraska","-99.81026","41.52719"
"SENT","-0.05491384207561457","2020-03-18","Nebraska","-99.81026","41.52719"
"SENT","-0.012027911080060872","2020-03-19","Nebraska","-99.81026","41.52719"
"SENT","-0.029208890806567998","2020-03-20","Nebraska","-99.81026","41.52719"
"SENT","-0.027551272576860002","2020-03-21","Nebraska","-99.81026","41.52719"
"SENT","-0.024131290899904262","2020-03-22","Nebraska","-99.81026","41.52719"
"SENT","-0.05098306732156667","2020-03-23","Nebraska","-99.81026","41.52719"
"SENT","-0.021611073816116322","2020-03-24","Nebraska","-99.81026","41.52719"
"SENT","-0.03322054843170001","2020-03-25","Nebraska","-99.81026","41.52719"
"SENT","-0.04872692121602499","2020-03-26","Nebraska","-99.81026","41.52719"
"SENT","-0.04775213281741248","2020-03-12","Nevada","-116.65525","39.3563"
"SENT","-0.042500441796992014","2020-03-13","Nevada","-116.65525","39.3563"
"SENT","-0.03485762842251921","2020-03-14","Nevada","-116.65525","39.3563"
"SENT","-0.03532422008990767","2020-03-15","Nevada","-116.65525","39.3563"
"SENT","-0.036827369297735724","2020-03-16","Nevada","-116.65525","39.3563"
"SENT","-0.02482365186156283","2020-03-17","Nevada","-116.65525","39.3563"
"SENT","-0.050431490897976904","2020-03-18","Nevada","-116.65525","39.3563"
"SENT","-0.05888893773497581","2020-03-19","Nevada","-116.65525","39.3563"
"SENT","-0.05478993476196359","2020-03-20","Nevada","-116.65525","39.3563"
"SENT","-0.05716941595213335","2020-03-21","Nevada","-116.65525","39.3563"
"SENT","-0.03968520856449997","2020-03-22","Nevada","-116.65525","39.3563"
"SENT","-0.09892177622166365","2020-03-23","Nevada","-116.65525","39.3563"
"SENT","-0.06989616418470003","2020-03-24","Nevada","-116.65525","39.3563"
"SENT","-0.09831644311990999","2020-03-25","Nevada","-116.65525","39.3563"
"SENT","-0.0516380046771091","2020-03-26","Nevada","-116.65525","39.3563"
"SENT","-0.07742811100555556","2020-03-12","New Hampshire","-71.5767","43.68569"
"SENT","-0.04869340225519999","2020-03-13","New Hampshire","-71.5767","43.68569"
"SENT","-0.05084504317840001","2020-03-14","New Hampshire","-71.5767","43.68569"
"SENT","-0.0542397260865","2020-03-15","New Hampshire","-71.5767","43.68569"
"SENT","-0.057134885312099995","2020-03-16","New Hampshire","-71.5767","43.68569"
"SENT","-0.04250155980469999","2020-03-17","New Hampshire","-71.5767","43.68569"
"SENT","-0.059206595572999995","2020-03-18","New Hampshire","-71.5767","43.68569"
"SENT","-0.06255495038209999","2020-03-19","New Hampshire","-71.5767","43.68569"
"SENT","-0.05765309953459998","2020-03-20","New Hampshire","-71.5767","43.68569"
"SENT","-0.050475699853300006","2020-03-21","New Hampshire","-71.5767","43.68569"
"SENT","-0.0500399302553","2020-03-22","New Hampshire","-71.5767","43.68569"
"SENT","-0.07252370390870003","2020-03-23","New Hampshire","-71.5767","43.68569"
"SENT","-0.060742855402300025","2020-03-24","New Hampshire","-71.5767","43.68569"
"SENT","-0.0508445999746","2020-03-25","New Hampshire","-71.5767","43.68569"
"SENT","-0.07370100893809998","2020-03-26","New Hampshire","-71.5767","43.68569"
"SENT","-0.023230443977142853","2020-03-12","New Jersey","-74.66084","40.18497"
"SENT","-0.061019110078142855","2020-03-13","New Jersey","-74.66084","40.18497"
"SENT","-0.043940757869714284","2020-03-14","New Jersey","-74.66084","40.18497"
"SENT","-0.05727927987961901","2020-03-15","New Jersey","-74.66084","40.18497"
"SENT","-0.04153027094072381","2020-03-16","New Jersey","-74.66084","40.18497"
"SENT","-0.0500144536489476","2020-03-17","New Jersey","-74.66084","40.18497"
"SENT","-0.052356485526785713","2020-03-18","New Jersey","-74.66084","40.18497"
"SENT","-0.05175607747426189","2020-03-19","New Jersey","-74.66084","40.18497"
"SENT","-0.04969967875270475","2020-03-20","New Jersey","-74.66084","40.18497"
"SENT","-0.0467029271781238","2020-03-21","New Jersey","-74.66084","40.18497"
"SENT","-0.053183155356047625","2020-03-22","New Jersey","-74.66084","40.18497"
"SENT","-0.07181186924655715","2020-03-23","New Jersey","-74.66084","40.18497"
"SENT","-0.06289150448004763","2020-03-24","New Jersey","-74.66084","40.18497"
"SENT","-0.05657469887325713","2020-03-25","New Jersey","-74.66084","40.18497"
"SENT","-0.06285572859933333","2020-03-26","New Jersey","-74.66084","40.18497"
"SENT","-0.04514900796711111","2020-03-12","New Mexico","-106.10836","34.42141"
"SENT","-0.07626676375987858","2020-03-13","New Mexico","-106.10836","34.42141"
"SENT","-0.043050570403642865","2020-03-14","New Mexico","-106.10836","34.42141"
"SENT","-0.05797379092746429","2020-03-15","New Mexico","-106.10836","34.42141"
"SENT","-0.05901009154844","2020-03-16","New Mexico","-106.10836","34.42141"
"SENT","-0.036156809352703705","2020-03-17","New Mexico","-106.10836","34.42141"
"SENT","-0.07355130608470371","2020-03-18","New Mexico","-106.10836","34.42141"
"SENT","-0.05081324238384446","2020-03-19","New Mexico","-106.10836","34.42141"
"SENT","-0.054730209905807396","2020-03-20","New Mexico","-106.10836","34.42141"
"SENT","-0.07441507512293213","2020-03-21","New Mexico","-106.10836","34.42141"
"SENT","-0.06356295919178848","2020-03-22","New Mexico","-106.10836","34.42141"
"SENT","-0.06449351431438462","2020-03-23","New Mexico","-106.10836","34.42141"
"SENT","-0.07147604185621154","2020-03-24","New Mexico","-106.10836","34.42141"
"SENT","-0.058860523481524006","2020-03-25","New Mexico","-106.10836","34.42141"
"SENT","-0.070383326880592","2020-03-26","New Mexico","-106.10836","34.42141"
"SENT","-0.05681731592758461","2020-03-12","New York","-75.49899","42.93771"
"SENT","-0.06298641080340521","2020-03-13","New York","-75.49899","42.93771"
"SENT","-0.0386107899702429","2020-03-14","New York","-75.49899","42.93771"
"SENT","-0.04978829522006868","2020-03-15","New York","-75.49899","42.93771"
"SENT","-0.04872149125201379","2020-03-16","New York","-75.49899","42.93771"
"SENT","-0.04314826351381064","2020-03-17","New York","-75.49899","42.93771"
"SENT","-0.0422563870630472","2020-03-18","New York","-75.49899","42.93771"
"SENT","-0.05533339862812871","2020-03-19","New York","-75.49899","42.93771"
"SENT","-0.05186040207388804","2020-03-20","New York","-75.49899","42.93771"
"SENT","-0.04735170534836934","2020-03-21","New York","-75.49899","42.93771"
"SENT","-0.05765648226043064","2020-03-22","New York","-75.49899","42.93771"
"SENT","-0.06997230579210162","2020-03-23","New York","-75.49899","42.93771"
"SENT","-0.06384968626461615","2020-03-24","New York","-75.49899","42.93771"
"SENT","-0.04703210683485162","2020-03-25","New York","-75.49899","42.93771"
"SENT","-0.04913379955155081","2020-03-26","New York","-75.49899","42.93771"
"SENT","-0.0730091532385862","2020-03-12","North Carolina","-79.18181","35.53869"
"SENT","-0.06251770439274836","2020-03-13","North Carolina","-79.18181","35.53869"
"SENT","-0.04052100845248153","2020-03-14","North Carolina","-79.18181","35.53869"
"SENT","-0.04575416035703863","2020-03-15","North Carolina","-79.18181","35.53869"
"SENT","-0.04743825757026163","2020-03-16","North Carolina","-79.18181","35.53869"
"SENT","-0.03454565573054776","2020-03-17","North Carolina","-79.18181","35.53869"
"SENT","-0.04502855189859541","2020-03-18","North Carolina","-79.18181","35.53869"
"SENT","-0.03846908362406404","2020-03-19","North Carolina","-79.18181","35.53869"
"SENT","-0.054587070767372105","2020-03-20","North Carolina","-79.18181","35.53869"
"SENT","-0.05617831085789093","2020-03-21","North Carolina","-79.18181","35.53869"
"SENT","-0.06356870805254206","2020-03-22","North Carolina","-79.18181","35.53869"
"SENT","-0.0709966099090186","2020-03-23","North Carolina","-79.18181","35.53869"
"SENT","-0.061655738122662514","2020-03-24","North Carolina","-79.18181","35.53869"
"SENT","-0.058374935795921845","2020-03-25","North Carolina","-79.18181","35.53869"
"SENT","-0.0589315998872942","2020-03-26","North Carolina","-79.18181","35.53869"
"SENT","-0.029209795215","2020-03-12","North Dakota","-100.46881","47.44632"
"SENT","-0.05686075987330434","2020-03-13","North Dakota","-100.46881","47.44632"
"SENT","-0.0857802299635","2020-03-14","North Dakota","-100.46881","47.44632"
"SENT","-0.02204818846573333","2020-03-15","North Dakota","-100.46881","47.44632"
"SENT","-0.043724406452699996","2020-03-16","North Dakota","-100.46881","47.44632"
"SENT","-0.00998472314647619","2020-03-17","North Dakota","-100.46881","47.44632"
"SENT","-0.061086177457521734","2020-03-18","North Dakota","-100.46881","47.44632"
"SENT","-0.034372270516375","2020-03-19","North Dakota","-100.46881","47.44632"
"SENT","-0.030036931583777775","2020-03-20","North Dakota","-100.46881","47.44632"
"SENT","-0.026280639324166674","2020-03-21","North Dakota","-100.46881","47.44632"
"SENT","-0.07635648517787501","2020-03-22","North Dakota","-100.46881","47.44632"
"SENT","-0.06884617323679167","2020-03-23","North Dakota","-100.46881","47.44632"
"SENT","-0.05999824803819999","2020-03-24","North Dakota","-100.46881","47.44632"
"SENT","-0.03653419318988001","2020-03-25","North Dakota","-100.46881","47.44632"
"SENT","-0.049486073755000005","2020-03-26","North Dakota","-100.46881","47.44632"
"SENT","-0.04810621481680303","2020-03-12","Ohio","-82.79137","40.29479"
"SENT","-0.051590125602659284","2020-03-13","Ohio","-82.79137","40.29479"
"SENT","-0.03656371018456553","2020-03-14","Ohio","-82.79137","40.29479"
"SENT","-0.05446355072196352","2020-03-15","Ohio","-82.79137","40.29479"
"SENT","-0.052463738073920935","2020-03-16","Ohio","-82.79137","40.29479"
"SENT","-0.05205198827997383","2020-03-17","Ohio","-82.79137","40.29479"
"SENT","-0.04450142285502025","2020-03-18","Ohio","-82.79137","40.29479"
"SENT","-0.059263074766235734","2020-03-19","Ohio","-82.79137","40.29479"
"SENT","-0.05508348355099177","2020-03-20","Ohio","-82.79137","40.29479"
"SENT","-0.046326014811867426","2020-03-21","Ohio","-82.79137","40.29479"
"SENT","-0.06702060207659416","2020-03-22","Ohio","-82.79137","40.29479"
"SENT","-0.06657091257233795","2020-03-23","Ohio","-82.79137","40.29479"
"SENT","-0.07611037738564944","2020-03-24","Ohio","-82.79137","40.29479"
"SENT","-0.05987297438663612","2020-03-25","Ohio","-82.79137","40.29479"
"SENT","-0.09191330863580861","2020-03-26","Ohio","-82.79137","40.29479"
"SENT","-0.04191669546736364","2020-03-12","Oklahoma","-97.50897","35.5843"
"SENT","-0.04887753011686662","2020-03-13","Oklahoma","-97.50897","35.5843"
"SENT","-0.048528409997740635","2020-03-14","Oklahoma","-97.50897","35.5843"
"SENT","-0.05570665308276774","2020-03-15","Oklahoma","-97.50897","35.5843"
"SENT","-0.035298610800767745","2020-03-16","Oklahoma","-97.50897","35.5843"
"SENT","-0.037002407652503115","2020-03-17","Oklahoma","-97.50897","35.5843"
"SENT","-0.040408750825489545","2020-03-18","Oklahoma","-97.50897","35.5843"
"SENT","-0.036429148772589695","2020-03-19","Oklahoma","-97.50897","35.5843"
"SENT","-0.06617805929904774","2020-03-20","Oklahoma","-97.50897","35.5843"
"SENT","-0.04575471967700982","2020-03-21","Oklahoma","-97.50897","35.5843"
"SENT","-0.05157848795854592","2020-03-22","Oklahoma","-97.50897","35.5843"
"SENT","-0.06420842921095556","2020-03-23","Oklahoma","-97.50897","35.5843"
"SENT","-0.05785162871960968","2020-03-24","Oklahoma","-97.50897","35.5843"
"SENT","-0.06487944669704922","2020-03-25","Oklahoma","-97.50897","35.5843"
"SENT","-0.06663571316529632","2020-03-26","Oklahoma","-97.50897","35.5843"
"SENT","-0.01694062509128","2020-03-12","Oregon","-120.55674","43.93693"
"SENT","-0.05459589271216563","2020-03-13","Oregon","-120.55674","43.93693"
"SENT","-0.048839821395287114","2020-03-14","Oregon","-120.55674","43.93693"
"SENT","-0.052335444976806464","2020-03-15","Oregon","-120.55674","43.93693"
"SENT","-0.04513747192320645","2020-03-16","Oregon","-120.55674","43.93693"
"SENT","-0.044559250396690335","2020-03-17","Oregon","-120.55674","43.93693"
"SENT","-0.051742926109656265","2020-03-18","Oregon","-120.55674","43.93693"
"SENT","-0.060099820965984846","2020-03-19","Oregon","-120.55674","43.93693"
"SENT","-0.0688216230529219","2020-03-20","Oregon","-120.55674","43.93693"
"SENT","-0.05772322515625862","2020-03-21","Oregon","-120.55674","43.93693"
"SENT","-0.05018132082500322","2020-03-22","Oregon","-120.55674","43.93693"
"SENT","-0.07204276881041874","2020-03-23","Oregon","-120.55674","43.93693"
"SENT","-0.062391957621206244","2020-03-24","Oregon","-120.55674","43.93693"
"SENT","-0.07746986206136666","2020-03-25","Oregon","-120.55674","43.93693"
"SENT","-0.06986746012558386","2020-03-26","Oregon","-120.55674","43.93693"
"SENT","-0.06651890585453878","2020-03-12","Pennsylvania","-77.79954","40.87416"
"SENT","-0.050520674980119036","2020-03-13","Pennsylvania","-77.79954","40.87416"
"SENT","-0.03851746225200655","2020-03-14","Pennsylvania","-77.79954","40.87416"
"SENT","-0.04697256717716934","2020-03-15","Pennsylvania","-77.79954","40.87416"
"SENT","-0.058234762889754606","2020-03-16","Pennsylvania","-77.79954","40.87416"
"SENT","-0.046376387788381296","2020-03-17","Pennsylvania","-77.79954","40.87416"
"SENT","-0.04179433272579684","2020-03-18","Pennsylvania","-77.79954","40.87416"
"SENT","-0.04705805404809532","2020-03-19","Pennsylvania","-77.79954","40.87416"
"SENT","-0.04988960997787562","2020-03-20","Pennsylvania","-77.79954","40.87416"
"SENT","-0.04966236801386717","2020-03-21","Pennsylvania","-77.79954","40.87416"
"SENT","-0.05518936847162187","2020-03-22","Pennsylvania","-77.79954","40.87416"
"SENT","-0.07267727062885364","2020-03-23","Pennsylvania","-77.79954","40.87416"
"SENT","-0.06527158810379173","2020-03-24","Pennsylvania","-77.79954","40.87416"
"SENT","-0.05845510748498376","2020-03-25","Pennsylvania","-77.79954","40.87416"
"SENT","-0.04520687447202712","2020-03-26","Pennsylvania","-77.79954","40.87416"
"SENT","-0.0739006513032","2020-03-12","Rhode Island","-71.53089","41.67243"
"SENT","-0.0556273338067","2020-03-13","Rhode Island","-71.53089","41.67243"
"SENT","-0.043144621543399986","2020-03-14","Rhode Island","-71.53089","41.67243"
"SENT","-0.0626270518712","2020-03-15","Rhode Island","-71.53089","41.67243"
"SENT","-0.049054610030820026","2020-03-16","Rhode Island","-71.53089","41.67243"
"SENT","-0.04062117664200002","2020-03-17","Rhode Island","-71.53089","41.67243"
"SENT","-0.029221278179680045","2020-03-18","Rhode Island","-71.53089","41.67243"
"SENT","-0.043194693131880006","2020-03-19","Rhode Island","-71.53089","41.67243"
"SENT","-0.04374841269880002","2020-03-20","Rhode Island","-71.53089","41.67243"
"SENT","-0.052659777358080015","2020-03-21","Rhode Island","-71.53089","41.67243"
"SENT","-0.06904502685419998","2020-03-22","Rhode Island","-71.53089","41.67243"
"SENT","-0.05541719667268006","2020-03-23","Rhode Island","-71.53089","41.67243"
"SENT","-0.05124188611380002","2020-03-24","Rhode Island","-71.53089","41.67243"
"SENT","-0.0395464439742","2020-03-25","Rhode Island","-71.53089","41.67243"
"SENT","-0.04643271003620002","2020-03-26","Rhode Island","-71.53089","41.67243"
"SENT","-0.06432462243603335","2020-03-12","South Carolina","-80.89521","33.90818"
"SENT","-0.05089726695389556","2020-03-13","South Carolina","-80.89521","33.90818"
"SENT","-0.03951324929455116","2020-03-14","South Carolina","-80.89521","33.90818"
"SENT","-0.05421806000856819","2020-03-15","South Carolina","-80.89521","33.90818"
"SENT","-0.05438057603229999","2020-03-16","South Carolina","-80.89521","33.90818"
"SENT","-0.05107490037326342","2020-03-17","South Carolina","-80.89521","33.90818"
"SENT","-0.05955453077740478","2020-03-18","South Carolina","-80.89521","33.90818"
"SENT","-0.06491013219661364","2020-03-19","South Carolina","-80.89521","33.90818"
"SENT","-0.0450993136784275","2020-03-20","South Carolina","-80.89521","33.90818"
"SENT","-0.05050494657121396","2020-03-21","South Carolina","-80.89521","33.90818"
"SENT","-0.06043836915722859","2020-03-22","South Carolina","-80.89521","33.90818"
"SENT","-0.0711513633584643","2020-03-23","South Carolina","-80.89521","33.90818"
"SENT","-0.057736880302813945","2020-03-24","South Carolina","-80.89521","33.90818"
"SENT","-0.05618289335277074","2020-03-25","South Carolina","-80.89521","33.90818"
"SENT","-0.07816477852930952","2020-03-26","South Carolina","-80.89521","33.90818"
"SENT","-0.0441479460675","2020-03-12","South Dakota","-100.23071","44.43595"
"SENT","-0.053239913573833335","2020-03-13","South Dakota","-100.23071","44.43595"
"SENT","-0.0029246681056551735","2020-03-14","South Dakota","-100.23071","44.43595"
"SENT","-0.04362920115013636","2020-03-15","South Dakota","-100.23071","44.43595"
"SENT","-0.027510574278925917","2020-03-16","South Dakota","-100.23071","44.43595"
"SENT","-0.04037075692799999","2020-03-17","South Dakota","-100.23071","44.43595"
"SENT","-0.035839330280720005","2020-03-18","South Dakota","-100.23071","44.43595"
"SENT","-0.038350237135187495","2020-03-19","South Dakota","-100.23071","44.43595"
"SENT","-0.02392470294386667","2020-03-20","South Dakota","-100.23071","44.43595"
"SENT","-0.08567064220416","2020-03-21","South Dakota","-100.23071","44.43595"
"SENT","-0.024298701503043474","2020-03-22","South Dakota","-100.23071","44.43595"
"SENT","-0.04571294151218518","2020-03-23","South Dakota","-100.23071","44.43595"
"SENT","-0.07830717811677777","2020-03-24","South Dakota","-100.23071","44.43595"
"SENT","-0.037301410946639996","2020-03-25","South Dakota","-100.23071","44.43595"
"SENT","-0.027802406575888894","2020-03-26","South Dakota","-100.23071","44.43595"
"SENT","-0.08510880289447725","2020-03-12","Tennessee","-86.34064","35.84332"
"SENT","-0.07276501270956408","2020-03-13","Tennessee","-86.34064","35.84332"
"SENT","-0.03764297194846884","2020-03-14","Tennessee","-86.34064","35.84332"
"SENT","-0.05384848611719741","2020-03-15","Tennessee","-86.34064","35.84332"
"SENT","-0.05039289598623377","2020-03-16","Tennessee","-86.34064","35.84332"
"SENT","-0.05192777283388701","2020-03-17","Tennessee","-86.34064","35.84332"
"SENT","-0.046443750240996125","2020-03-18","Tennessee","-86.34064","35.84332"
"SENT","-0.042624927856241966","2020-03-19","Tennessee","-86.34064","35.84332"
"SENT","-0.033541002163870515","2020-03-20","Tennessee","-86.34064","35.84332"
"SENT","-0.06140555068323027","2020-03-21","Tennessee","-86.34064","35.84332"
"SENT","-0.059286922401270876","2020-03-22","Tennessee","-86.34064","35.84332"
"SENT","-0.07539192867237124","2020-03-23","Tennessee","-86.34064","35.84332"
"SENT","-0.07155466354516753","2020-03-24","Tennessee","-86.34064","35.84332"
"SENT","-0.0440389442348064","2020-03-25","Tennessee","-86.34064","35.84332"
"SENT","-0.058053462616102815","2020-03-26","Tennessee","-86.34064","35.84332"
"SENT","-0.06756003795295291","2020-03-12","Texas","-99.33232","31.462"
"SENT","-0.042866598655925924","2020-03-13","Texas","-99.33232","31.462"
"SENT","-0.04733060752152692","2020-03-14","Texas","-99.33232","31.462"
"SENT","-0.04512884457161443","2020-03-15","Texas","-99.33232","31.462"
"SENT","-0.039311916334645994","2020-03-16","Texas","-99.33232","31.462"
"SENT","-0.028395675105401776","2020-03-17","Texas","-99.33232","31.462"
"SENT","-0.04943204284100492","2020-03-18","Texas","-99.33232","31.462"
"SENT","-0.03331708748466574","2020-03-19","Texas","-99.33232","31.462"
"SENT","-0.04630702584669251","2020-03-20","Texas","-99.33232","31.462"
"SENT","-0.04933865347503539","2020-03-21","Texas","-99.33232","31.462"
"SENT","-0.05888739933642186","2020-03-22","Texas","-99.33232","31.462"
"SENT","-0.07872680918825213","2020-03-23","Texas","-99.33232","31.462"
"SENT","-0.06481705085453617","2020-03-24","Texas","-99.33232","31.462"
"SENT","-0.07068940401325763","2020-03-25","Texas","-99.33232","31.462"
"SENT","-0.0647078822985882","2020-03-26","Texas","-99.33232","31.462"
"SENT","-0.025219867632000008","2020-03-12","Utah","-111.67806","39.32378"
"SENT","-0.06609124514385216","2020-03-13","Utah","-111.67806","39.32378"
"SENT","-0.04846002623699999","2020-03-14","Utah","-111.67806","39.32378"
"SENT","-0.050501996845680006","2020-03-15","Utah","-111.67806","39.32378"
"SENT","-0.051545806196363626","2020-03-16","Utah","-111.67806","39.32378"
"SENT","-0.042548023760977265","2020-03-17","Utah","-111.67806","39.32378"
"SENT","-0.059805894127596015","2020-03-18","Utah","-111.67806","39.32378"
"SENT","-0.060353745309170814","2020-03-19","Utah","-111.67806","39.32378"
"SENT","-0.07707925563140869","2020-03-20","Utah","-111.67806","39.32378"
"SENT","-0.05696407003764499","2020-03-21","Utah","-111.67806","39.32378"
"SENT","-0.07408676103232727","2020-03-22","Utah","-111.67806","39.32378"
"SENT","-0.06067497158304999","2020-03-23","Utah","-111.67806","39.32378"
"SENT","-0.06821273154508337","2020-03-24","Utah","-111.67806","39.32378"
"SENT","-0.069851869248945","2020-03-25","Utah","-111.67806","39.32378"
"SENT","-0.07344384950102859","2020-03-26","Utah","-111.67806","39.32378"
"SENT","-0.06572634436666668","2020-03-12","Vermont","-72.66221","44.07478"
"SENT","-0.06443329082316668","2020-03-13","Vermont","-72.66221","44.07478"
"SENT","-0.02918840963963637","2020-03-14","Vermont","-72.66221","44.07478"
"SENT","-0.05462051690075001","2020-03-15","Vermont","-72.66221","44.07478"
"SENT","-0.07296106269584615","2020-03-16","Vermont","-72.66221","44.07478"
"SENT","-0.03710890154690908","2020-03-17","Vermont","-72.66221","44.07478"
"SENT","-0.0682745257173","2020-03-18","Vermont","-72.66221","44.07478"
"SENT","-0.05701400868892308","2020-03-19","Vermont","-72.66221","44.07478"
"SENT","-0.049139783998916664","2020-03-20","Vermont","-72.66221","44.07478"
"SENT","-0.06758339226716667","2020-03-21","Vermont","-72.66221","44.07478"
"SENT","-0.07065884262354545","2020-03-22","Vermont","-72.66221","44.07478"
"SENT","-0.06859027788372728","2020-03-23","Vermont","-72.66221","44.07478"
"SENT","-0.08035032159692307","2020-03-24","Vermont","-72.66221","44.07478"
"SENT","-0.06613846490425","2020-03-25","Vermont","-72.66221","44.07478"
"SENT","-0.057869015895583326","2020-03-26","Vermont","-72.66221","44.07478"
"SENT","-0.04999572058701854","2020-03-12","Virginia","-78.86117","37.5103"
"SENT","-0.06165522221300891","2020-03-13","Virginia","-78.86117","37.5103"
"SENT","-0.04239513512177735","2020-03-14","Virginia","-78.86117","37.5103"
"SENT","-0.05389207111300702","2020-03-15","Virginia","-78.86117","37.5103"
"SENT","-0.05052083814699521","2020-03-16","Virginia","-78.86117","37.5103"
"SENT","-0.05226839989844912","2020-03-17","Virginia","-78.86117","37.5103"
"SENT","-0.04566056736989209","2020-03-18","Virginia","-78.86117","37.5103"
"SENT","-0.045720128255981776","2020-03-19","Virginia","-78.86117","37.5103"
"SENT","-0.04652470438458636","2020-03-20","Virginia","-78.86117","37.5103"
"SENT","-0.05235258539019904","2020-03-21","Virginia","-78.86117","37.5103"
"SENT","-0.05452189909750798","2020-03-22","Virginia","-78.86117","37.5103"
"SENT","-0.09947670916440089","2020-03-23","Virginia","-78.86117","37.5103"
"SENT","-0.052692163611466676","2020-03-24","Virginia","-78.86117","37.5103"
"SENT","-0.05757742110189999","2020-03-25","Virginia","-78.86117","37.5103"
"SENT","-0.06173606948971716","2020-03-26","Virginia","-78.86117","37.5103"
"SENT","-0.05824112215881111","2020-03-12","Washington","-120.47905","47.38311"
"SENT","-0.07814875416401212","2020-03-13","Washington","-120.47905","47.38311"
"SENT","-0.04388007835854028","2020-03-14","Washington","-120.47905","47.38311"
"SENT","-0.07938903634203529","2020-03-15","Washington","-120.47905","47.38311"
"SENT","-0.05403878042888117","2020-03-16","Washington","-120.47905","47.38311"
"SENT","-0.05387031605013274","2020-03-17","Washington","-120.47905","47.38311"
"SENT","-0.05602027597852972","2020-03-18","Washington","-120.47905","47.38311"
"SENT","-0.07064747218097879","2020-03-19","Washington","-120.47905","47.38311"
"SENT","-0.08770590162904089","2020-03-20","Washington","-120.47905","47.38311"
"SENT","-0.04284836191051427","2020-03-21","Washington","-120.47905","47.38311"
"SENT","-0.059870242837699386","2020-03-22","Washington","-120.47905","47.38311"
"SENT","-0.08413966192386918","2020-03-23","Washington","-120.47905","47.38311"
"SENT","-0.06741994049106854","2020-03-24","Washington","-120.47905","47.38311"
"SENT","-0.06433434417445807","2020-03-25","Washington","-120.47905","47.38311"
"SENT","-0.06259954527806666","2020-03-26","Washington","-120.47905","47.38311"
"SENT","-0.08441015162200001","2020-03-12","West Virginia","-80.61164","38.64411"
"SENT","-0.0783641639514878","2020-03-13","West Virginia","-80.61164","38.64411"
"SENT","-0.03248880925504651","2020-03-14","West Virginia","-80.61164","38.64411"
"SENT","-0.06266294600217948","2020-03-15","West Virginia","-80.61164","38.64411"
"SENT","-0.04601191344333333","2020-03-16","West Virginia","-80.61164","38.64411"
"SENT","-0.035956165465159104","2020-03-17","West Virginia","-80.61164","38.64411"
"SENT","-0.03681566846990001","2020-03-18","West Virginia","-80.61164","38.64411"
"SENT","-0.05027307129447621","2020-03-19","West Virginia","-80.61164","38.64411"
"SENT","-0.03111721981292684","2020-03-20","West Virginia","-80.61164","38.64411"
"SENT","-0.05863167406917075","2020-03-21","West Virginia","-80.61164","38.64411"
"SENT","-0.036600051883333325","2020-03-22","West Virginia","-80.61164","38.64411"
"SENT","-0.06942447738750002","2020-03-23","West Virginia","-80.61164","38.64411"
"SENT","-0.06871133583552383","2020-03-24","West Virginia","-80.61164","38.64411"
"SENT","-0.026696048576261903","2020-03-25","West Virginia","-80.61164","38.64411"
"SENT","-0.05128734674628572","2020-03-26","West Virginia","-80.61164","38.64411"
"SENT","-0.09310652277572413","2020-03-12","Wisconsin","-90.01083","44.6351"
"SENT","-0.06925061054798852","2020-03-13","Wisconsin","-90.01083","44.6351"
"SENT","-0.05132767301729482","2020-03-14","Wisconsin","-90.01083","44.6351"
"SENT","-0.05704684945200964","2020-03-15","Wisconsin","-90.01083","44.6351"
"SENT","-0.04037472768974755","2020-03-16","Wisconsin","-90.01083","44.6351"
"SENT","-0.04263044712506393","2020-03-17","Wisconsin","-90.01083","44.6351"
"SENT","-0.052934153873980004","2020-03-18","Wisconsin","-90.01083","44.6351"
"SENT","-0.05414483044506786","2020-03-19","Wisconsin","-90.01083","44.6351"
"SENT","-0.05173998509787187","2020-03-20","Wisconsin","-90.01083","44.6351"
"SENT","-0.05110239419100892","2020-03-21","Wisconsin","-90.01083","44.6351"
"SENT","-0.0587718987174709","2020-03-22","Wisconsin","-90.01083","44.6351"
"SENT","-0.05866074552222786","2020-03-23","Wisconsin","-90.01083","44.6351"
"SENT","-0.04754011223979208","2020-03-24","Wisconsin","-90.01083","44.6351"
"SENT","-0.06435290632834001","2020-03-25","Wisconsin","-90.01083","44.6351"
"SENT","-0.08755667011127037","2020-03-26","Wisconsin","-90.01083","44.6351"
"SENT","-0.08906608978416668","2020-03-12","Wyoming","-107.55124","42.99963"
"SENT","-0.06108735354947367","2020-03-13","Wyoming","-107.55124","42.99963"
"SENT","-0.015211785357473686","2020-03-14","Wyoming","-107.55124","42.99963"
"SENT","-0.03818611145947368","2020-03-15","Wyoming","-107.55124","42.99963"
"SENT","-0.029318855837894738","2020-03-16","Wyoming","-107.55124","42.99963"
"SENT","-0.049657064871176465","2020-03-17","Wyoming","-107.55124","42.99963"
"SENT","-0.02773306709411111","2020-03-18","Wyoming","-107.55124","42.99963"
"SENT","-0.09473533832764706","2020-03-19","Wyoming","-107.55124","42.99963"
"SENT","-0.03459167056972222","2020-03-20","Wyoming","-107.55124","42.99963"
"SENT","-0.03568527565077777","2020-03-21","Wyoming","-107.55124","42.99963"
"SENT","-0.042659100989499994","2020-03-22","Wyoming","-107.55124","42.99963"
"SENT","-0.0712086328414706","2020-03-23","Wyoming","-107.55124","42.99963"
"SENT","-0.06596305360346669","2020-03-24","Wyoming","-107.55124","42.99963"
"SENT","-0.030606449968312494","2020-03-25","Wyoming","-107.55124","42.99963"
"SENT","-0.049755882085","2020-03-26","Wyoming","-107.55124","42.99963"
